Title,Company,Location,Apply Link
Remote Experience Analyst - Entry-Level,Online Surveys,"Girard, TX",
"Virtual Data Analyst / Entry level (Remote) at Bluebird Staffings Dallas, TX",Bluebird Staffings,"Dallas, TX",
Entry-Level Deltek ERP & Data Analyst,Halff,"Richardson, TX",
Data Analyst Asc - Level 1,Lockheed Martin,"Watauga, TX",
"Metric & Data Analyst - Grand Prairie, TX or Orlando, FL",Lockheed Martin,"Grand Prairie, TX (+1 other)",
Data and Financial Reporting Analyst,Infosys Limited Digital,"Dallas, TX",
Data Analyst - Entry Level (Remote),Jobsultant Solutions,Oklahoma,
Entry Level Data Analyst,Matal,"Dallas, TX",
Data Analyst -W2 only,Meritore,"Plano, TX",
"Data Analyst, Manufacturing",Siemens,"Grand Prairie, TX",
